structure,operation,n,operations,average_time_ns,average_movements_or_accesses,theoretical_complexity
DynamicArray,insert_beginning,100,1000,1390116.60,1202240.00,Theta(n)
LinkedList,insert_beginning,100,1000,42991.80,0.00,Theta(1)
DynamicArray,remove_beginning,100,100,40625.00,10000.00,Theta(n)
LinkedList,remove_beginning,100,100,5208.60,100.00,Theta(1)
DynamicArray,insert_middle,100,1000,109133.40,1102240.00,Theta(n)
LinkedList,insert_middle,100,1000,79466.80,50000.00,Theta(n)
DynamicArray,remove_middle,100,50,2883.20,2500.00,Theta(n)
LinkedList,remove_middle,100,50,4241.60,2550.00,Theta(n)
DynamicArray,insert_beginning,1000,1000,112416.60,3002560.00,Theta(n)
LinkedList,insert_beginning,1000,1000,15508.40,0.00,Theta(1)
DynamicArray,remove_beginning,1000,1000,299850.00,1000000.00,Theta(n)
LinkedList,remove_beginning,1000,1000,14641.60,1000.00,Theta(1)
DynamicArray,insert_middle,1000,1000,82833.20,2002560.00,Theta(n)
LinkedList,insert_middle,1000,1000,377700.00,500000.00,Theta(n)
DynamicArray,remove_middle,1000,500,18083.60,250000.00,Theta(n)
LinkedList,remove_middle,1000,500,138441.80,250500.00,Theta(n)
DynamicArray,insert_beginning,10000,1000,597491.60,21020480.00,Theta(n)
LinkedList,insert_beginning,10000,1000,15408.40,0.00,Theta(1)
DynamicArray,remove_beginning,10000,1000,614316.80,19000000.00,Theta(n)
LinkedList,remove_beginning,10000,1000,11875.20,1000.00,Theta(1)
DynamicArray,insert_middle,10000,1000,313208.40,11020480.00,Theta(n)
LinkedList,insert_middle,10000,1000,1837841.60,5000000.00,Theta(n)
DynamicArray,remove_middle,10000,1000,285191.80,9000000.00,Theta(n)
LinkedList,remove_middle,10000,1000,2192750.00,5001000.00,Theta(n)
DynamicArray,insert_beginning,100000,1000,6131591.80,201000000.00,Theta(n)
LinkedList,insert_beginning,100000,1000,13408.40,0.00,Theta(1)
DynamicArray,remove_beginning,100000,1000,6265225.40,199000000.00,Theta(n)
LinkedList,remove_beginning,100000,1000,12775.00,1000.00,Theta(1)
DynamicArray,insert_middle,100000,1000,3116458.20,101000000.00,Theta(n)
LinkedList,insert_middle,100000,1000,66361700.00,50000000.00,Theta(n)
DynamicArray,remove_middle,100000,1000,3146108.40,99000000.00,Theta(n)
LinkedList,remove_middle,100000,1000,67133125.00,50001000.00,Theta(n)
